{
    "env": {
        "dev": {
            "azureURL": "https://tools3.integra.co.in/iwms-blob-service-dev/",
            "localURL": "https://tools3.integra.co.in/iwms-blob-service-dev/",
            "serverURL": "http://localhost:5000/",
            "serverToken": "eyJhbGciOiJIUzI1NiIsInR5cCI6IkpXVCJ9.eyJ1c2VyIjoid21zYXBwIiwiaWF0IjoxNjMzMzUxMTQzfQ.MgBfqlTAkK90Ks0Y6dnPBmGbju79zY-T2jQfb46jAUU",
            "okmURL": "http://172.16.200.181:8086/OpenKM/rest-service/api/",
            "OKM_NATIVEURL": "http://172.16.200.197:8080/OpenKM/services/rest/",
            "clientUtilSource": "/okm:root/client-utility/azure/iwms-client-util-win.exe",
            "OKM_AUTH": "b2ttQWRtaW46YWRtaW4=",
            "version": "1.0"
        },
        "prod": {
            "azureURL": "https://tools3.integra.co.in/iwms-blob-service-dev/",
            "localURL": "https://tools3.integra.co.in/iwms-blob-service-dev/",
            "serverURL": "https://iwmsservice-dev.azurewebsites.net/",
            "serverToken": "eyJhbGciOiJIUzI1NiIsInR5cCI6IkpXVCJ9.eyJ1c2VyIjoid21zYXBwIiwiaWF0IjoxNjMzMzUxMTQzfQ.MgBfqlTAkK90Ks0Y6dnPBmGbju79zY-T2jQfb46jAUU",
            "okmURL": "http://172.16.200.181:8086/OpenKM/rest-service/api/",
            "OKM_NATIVEURL": "http://172.16.200.197:8080/OpenKM/services/rest/",
            "clientUtilSource": "/okm:root/client-utility/prod/iwms-client-util-win.exe",
            "OKM_AUTH": "b2ttQWRtaW46YWRtaW4=",
            "version": "1.0"
        },
        "test": {
            "azureURL": "https://tools3.integra.co.in/iwms-blob-service-test/",
            "localURL": "https://tools3.integra.co.in/iwms-blob-service-test/",
            "serverURL": "http://localhost:5000/",
            "serverToken": "eyJhbGciOiJIUzI1NiIsInR5cCI6IkpXVCJ9.eyJ1c2VyIjoid21zYXBwIiwiaWF0IjoxNjMzMzUxMTQzfQ.MgBfqlTAkK90Ks0Y6dnPBmGbju79zY-T2jQfb46jAUU",
            "okmURL": "http://20.205.158.20:8086/OpenKM/rest-service/api/",
            "OKM_NATIVEURL": "http://20.205.158.20:8080/OpenKM/services/rest/",
            "clientUtilSource": "/okm:root/client-utility/test/iwms-client-util-win.exe",
            "OKM_AUTH": "b2ttQWRtaW46YWRtaW4=",
            "version": "1.0"
        },
        "uat": {
            "azureURL": "https://tools3.integra.co.in/iwms-blob-service-uat/",
            "localURL": "https://tools3.integra.co.in/iwms-blob-service-uat/",
            "serverURL": "https://iwms-service-uat-gubwavgnaedbbsc2.centralindia-01.azurewebsites.net/",
            "serverToken": "eyJhbGciOiJIUzI1NiIsInR5cCI6IkpXVCJ9.eyJ1c2VyIjoid21zYXBwIiwiaWF0IjoxNjMzMzUxMTQzfQ.MgBfqlTAkK90Ks0Y6dnPBmGbju79zY-T2jQfb46jAUU",
            "okmURL": "http://20.205.158.20:8086/OpenKM/rest-service/api/",
            "OKM_NATIVEURL": "http://20.205.158.20:8080/OpenKM/services/rest/",
            "clientUtilSource": "/okm:root/client-utility/test/iwms-client-util-win.exe",
            "OKM_AUTH": "b2ttQWRtaW46YWRtaW4=",
            "version": "1.0"
        },
        "azure": {
            "azureURL": "https://wmstools.integra.co.in/iwms-blob-service/",
            "localURL": "https://wmstools.integra.co.in/iwms-blob-service/",
            "serverURL": "https://iwms-service-live.azurewebsites.net/",
            "serverToken": "eyJhbGciOiJIUzI1NiIsInR5cCI6IkpXVCJ9.eyJ1c2VyIjoid21zYXBwIiwiaWF0IjoxNjMzMzUxMTQzfQ.MgBfqlTAkK90Ks0Y6dnPBmGbju79zY-T2jQfb46jAUU",
            "okmURL": "https://iwmsdmsps.azurewebsites.net/OpenKM/rest-service/api/",
            "OKM_NATIVEURL": "http://192.168.9.75:8080/OpenKM/services/rest/",
            "clientUtilSource": "/okm:root/client-utility/azure/iwms-client-util-win.exe",
            "OKM_AUTH": "b2ttQWRtaW46YWRtaW4=",
            "version": "1.28"
        },
        "azure-old": {
            "azureURL": "https://iwmsblob.integra.co.in/iwms-blob-service/",
            "localURL": "https://tools3.integra.co.in/iwms-blob-service/",
            "serverURL": "https://iwms.integra.co.in/service/",
            "serverToken": "eyJhbGciOiJIUzI1NiIsInR5cCI6IkpXVCJ9.eyJ1c2VyIjoid21zYXBwIiwiaWF0IjoxNjMzMzUxMTQzfQ.MgBfqlTAkK90Ks0Y6dnPBmGbju79zY-T2jQfb46jAUU",
            "okmURL": "https://iwmsdmsps.azurewebsites.net/OpenKM/rest-service/api/",
            "OKM_NATIVEURL": "http://192.168.9.75:8080/OpenKM/services/rest/",
            "clientUtilSource": "/okm:root/client-utility/azure/iwms-client-util-win.exe",
            "OKM_AUTH": "b2ttQWRtaW46YWRtaW4=",
            "version": "1.28"
        }
    },
    "DeletePaths": [
        "C:\\itools\\WMS\\CUP-New\\Tools\\Setup",
        "C:\\itools\\WMS\\CUP-New\\Tools\\Appv11\\bundle.ini",
        "C:\\Program Files (x86)\\PTC\\Advanced Print Publisher Win32 Desktop Unicode 11.0\\bundle.ini",
        "C:\\Program Files\\PTC\\Advanced Print Publisher Win32 Desktop Unicode 11.0\\bundle.ini",
        "C:\\Program Files\\PTC\\Advanced Print Publisher Win64 Desktop Unicode 11.0\\bundle.ini;"
    ],
    "mode": "test"
}